{
  "name": "slime",
  "parts": [
    {
      "id": "lowerbody",
      "w": 0.0,
      "h": 0.0,
      "d": 0.0,
      "cr": 0.7,
      "cg": 0.7,
      "cb": 0.7
    },
    {
      "id": "lowerbody_g0",
      "parent": "lowerbody",
      "w": 0.5,
      "h": 0.5,
      "d": 0.5,
      "cr": 0.7,
      "cg": 0.7,
      "cb": 0.7,
      "tex": "/models/slime/texture_body.png",
      "geo": [
        0.5,
        0.375,
        -0.5,
        0.515625,
        1.0,
        0.5,
        0.375,
        0.5,
        0.265625,
        1.0,
        0.5,
        0.0,
        0.5,
        0.265625,
        0.90625,
        0.5,
        0.375,
        -0.5,
        0.515625,
        1.0,
        0.5,
        0.0,
        0.5,
        0.265625,
        0.90625,
        0.5,
        0.0,
        -0.5,
        0.515625,
        0.90625,
        -0.5,
        0.0,
        0.5,
        0.515625,
        0.796875,
        -0.5,
        0.375,
        0.5,
        0.515625,
        0.890625,
        -0.5,
        0.375,
        -0.5,
        0.265625,
        0.890625,
        -0.5,
        0.0,
        0.5,
        0.515625,
        0.796875,
        -0.5,
        0.375,
        -0.5,
        0.265625,
        0.890625,
        -0.5,
        0.0,
        -0.5,
        0.265625,
        0.796875,
        -0.5,
        0.375,
        0.5,
        0.0,
        0.75,
        0.5,
        0.375,
        0.5,
        0.25,
        0.75,
        0.5,
        0.375,
        -0.5,
        0.25,
        1.0,
        -0.5,
        0.375,
        0.5,
        0.0,
        0.75,
        0.5,
        0.375,
        -0.5,
        0.25,
        1.0,
        -0.5,
        0.375,
        -0.5,
        0.0,
        1.0,
        0.5,
        0.0,
        -0.5,
        0.25,
        0.484375,
        0.5,
        0.0,
        0.5,
        0.25,
        0.734375,
        -0.5,
        0.0,
        0.5,
        0.0,
        0.734375,
        0.5,
        0.0,
        -0.5,
        0.25,
        0.484375,
        -0.5,
        0.0,
        0.5,
        0.0,
        0.734375,
        -0.5,
        0.0,
        -0.5,
        0.0,
        0.484375,
        0.5,
        0.0,
        0.5,
        0.515625,
        0.6875,
        0.5,
        0.375,
        0.5,
        0.515625,
        0.78125,
        -0.5,
        0.375,
        0.5,
        0.265625,
        0.78125,
        0.5,
        0.0,
        0.5,
        0.515625,
        0.6875,
        -0.5,
        0.375,
        0.5,
        0.265625,
        0.78125,
        -0.5,
        0.0,
        0.5,
        0.265625,
        0.6875,
        -0.5,
        0.375,
        -0.5,
        0.515625,
        0.671875,
        0.5,
        0.375,
        -0.5,
        0.265625,
        0.671875,
        0.5,
        0.0,
        -0.5,
        0.265625,
        0.578125,
        -0.5,
        0.375,
        -0.5,
        0.515625,
        0.671875,
        0.5,
        0.0,
        -0.5,
        0.265625,
        0.578125,
        -0.5,
        0.0,
        -0.5,
        0.515625,
        0.578125
      ]
    },
    {
      "id": "upperbody",
      "parent": "lowerbody",
      "w": 0.0,
      "h": 0.0,
      "d": 0.0,
      "oy": -0.0625,
      "cr": 0.7,
      "cg": 0.7,
      "cb": 0.7
    },
    {
      "id": "upperbody_g0",
      "parent": "upperbody",
      "w": 0.5,
      "h": 0.5,
      "d": 0.5,
      "cr": 0.7,
      "cg": 0.7,
      "cb": 0.7,
      "tex": "/models/slime/body.png",
      "geo": [
        0.375,
        0.9375,
        -0.4375,
        0.4375,
        0.53125,
        0.375,
        0.9375,
        0.4375,
        0.0,
        0.53125,
        0.375,
        0.4375,
        0.4375,
        0.0,
        0.28125,
        0.375,
        0.9375,
        -0.4375,
        0.4375,
        0.53125,
        0.375,
        0.4375,
        0.4375,
        0.0,
        0.28125,
        0.375,
        0.4375,
        -0.4375,
        0.4375,
        0.28125,
        -0.375,
        0.4375,
        0.4375,
        0.90625,
        0.28125,
        -0.375,
        0.9375,
        0.4375,
        0.90625,
        0.53125,
        -0.375,
        0.9375,
        -0.4375,
        0.46875,
        0.53125,
        -0.375,
        0.4375,
        0.4375,
        0.90625,
        0.28125,
        -0.375,
        0.9375,
        -0.4375,
        0.46875,
        0.53125,
        -0.375,
        0.4375,
        -0.4375,
        0.46875,
        0.28125,
        -0.375,
        0.9375,
        0.4375,
        0.0,
        0.5625,
        0.375,
        0.9375,
        0.4375,
        0.375,
        0.5625,
        0.375,
        0.9375,
        -0.4375,
        0.375,
        1.0,
        -0.375,
        0.9375,
        0.4375,
        0.0,
        0.5625,
        0.375,
        0.9375,
        -0.4375,
        0.375,
        1.0,
        -0.375,
        0.9375,
        -0.4375,
        0.0,
        1.0,
        0.375,
        0.4375,
        -0.4375,
        0.78125,
        0.5625,
        0.375,
        0.4375,
        0.4375,
        0.78125,
        1.0,
        -0.375,
        0.4375,
        0.4375,
        0.40625,
        1.0,
        0.375,
        0.4375,
        -0.4375,
        0.78125,
        0.5625,
        -0.375,
        0.4375,
        0.4375,
        0.40625,
        1.0,
        -0.375,
        0.4375,
        -0.4375,
        0.40625,
        0.5625,
        0.375,
        0.4375,
        0.4375,
        0.375,
        0.0,
        0.375,
        0.9375,
        0.4375,
        0.375,
        0.25,
        -0.375,
        0.9375,
        0.4375,
        0.0,
        0.25,
        0.375,
        0.4375,
        0.4375,
        0.375,
        0.0,
        -0.375,
        0.9375,
        0.4375,
        0.0,
        0.25,
        -0.375,
        0.4375,
        0.4375,
        0.0,
        0.0,
        -0.375,
        0.9375,
        -0.4375,
        0.78125,
        0.25,
        0.375,
        0.9375,
        -0.4375,
        0.40625,
        0.25,
        0.375,
        0.4375,
        -0.4375,
        0.40625,
        0.0,
        -0.375,
        0.9375,
        -0.4375,
        0.78125,
        0.25,
        0.375,
        0.4375,
        -0.4375,
        0.40625,
        0.0,
        -0.375,
        0.4375,
        -0.4375,
        0.78125,
        0.0
      ]
    },
    {
      "id": "face",
      "parent": "upperbody",
      "w": 0.0,
      "h": 0.0,
      "d": 0.0,
      "oy": 0.4375,
      "cr": 0.7,
      "cg": 0.7,
      "cb": 0.7
    },
    {
      "id": "face_g0",
      "parent": "face",
      "w": 0.5,
      "h": 0.5,
      "d": 0.5,
      "cr": 0.7,
      "cg": 0.7,
      "cb": 0.7,
      "tex": "/models/slime/eyes.png",